Timestamp,Subnet,IP,Status
2025-05-26 13:48:26,192.168.1.0/29,192.168.1.1,reachable
2025-05-26 13:48:26,192.168.1.0/29,192.168.1.2,unreachable
2025-05-26 13:48:27,192.168.1.0/29,192.168.1.3,unreachable
2025-05-26 13:48:28,192.168.1.0/29,192.168.1.4,unreachable
2025-05-26 13:48:29,192.168.1.0/29,192.168.1.5,unreachable
2025-05-26 13:48:30,192.168.1.0/29,192.168.1.6,unreachable
2025-05-26 13:48:26,192.168.60.0/29,192.168.60.1,unreachable
2025-05-26 13:48:27,192.168.60.0/29,192.168.60.2,unreachable
2025-05-26 13:48:28,192.168.60.0/29,192.168.60.3,unreachable
2025-05-26 13:48:29,192.168.60.0/29,192.168.60.4,unreachable
2025-05-26 13:48:30,192.168.60.0/29,192.168.60.5,unreachable
2025-05-26 13:48:31,192.168.60.0/29,192.168.60.6,unreachable
2025-05-26 13:48:26,192.168.69.0/29,192.168.69.1,unreachable
2025-05-26 13:48:27,192.168.69.0/29,192.168.69.2,unreachable
2025-05-26 13:48:28,192.168.69.0/29,192.168.69.3,unreachable
2025-05-26 13:48:29,192.168.69.0/29,192.168.69.4,unreachable
2025-05-26 13:48:30,192.168.69.0/29,192.168.69.5,unreachable
2025-05-26 13:48:31,192.168.69.0/29,192.168.69.6,unreachable
